{
  "loss_std_deviation": 0.0019291121492050589,
  "grad_norm_std": 3.4556607319018178,
  "lambda_va": 0.2,
  "mean_va_penalty": Infinity
}